notation,prefLabel@de,altLabel@de,definition@de,Verwendungshinweis,broader
B51DAF,Objektkennzeichnung,Objektidentifikation,"Übergeordneter Begriff zur eindeutigen Kennzeichnung des zu behandelnden Objektes sowie Erfassung weiterer indentifizierender Merkmale, die eine zweifelsfreie Zuordnung des Objektes während des gesamten Behandlungsprozesses gewährleistet.",,top
B5DD1A,Objektbenennung,Objekttitel| Objektname| Objektansprache,"Benennung des konkreten Objektes. Kann sich aus einem offiziellen Titel oder aus Objekttyp und beschreibenden Attributen zusammensetzen.

Beispiel: ""Mona-Lisa"", ""rotfiguriger Krater""",,B51DAF
F7D3DB,Kennzeichnungsnummer,"Inventarnummer, Objektnummer, Signatur, Katalognummer","Nummer, die das Objekt eindeutig identifiziert. Dies sollte im Idealfall eine Inventarnummer sein. Da in der Realität nicht alle Objekte eine Inventarnummer haben, sind auch andere Arten von Nummern möglich, die das Objekt eindeutig referenzierbar machen.

Beispiel: ""O.3649"", ""2025-05-21""",,B51DAF
G59SR3,Art der Kennzeichnungsnummer,Kennzeichnungsnummerntyp,"Angabe, um was für eine Art von Nummer es sich bei der Kennzeichnungsnummer handelt. Ob es sich um eine feste Inventarnummer handelt oder eine temporäre Nummer (z.B. Fundnummer), o.Ä.",,F7D3DB
K343FVC,Weitere Objektnummern,Alternative Nummern,"Weitere Nummern, die in der Vergangenheit dem Objekt zugeordnet wurden und erfasst werden sollen.",,B51DAF
LGPT6AC,Art der weiteren Objektnummer,,"Angabe, um was für eine Art von weitere Objektnummer es sich handelt. 

z.B. frühere Inventarnummer, temporäre Nummer, etc.",,K343FVC
F9GB13,Datierung,Objektdatierung| zeitliche Einordnung,"zeitliche Einordnung des Objektes.

Beispiel: ""Urnenfelderzeit"" , ""15. Jh.""",,B51DAF
CD3341,Herkunft,Fundort|kulturelle Verortung|Herstellungsort,"Sammelbegriff für Angaben zur räumlichen oder kulturellen Verortung eines Objektes, die dessen Entstehungs- oder Auffindungskontext beschreiben. Soll als Einordnung von Objekten in ihren historischen, geografischen und kulturellen Zusammhang dienen. Die Angaben können dabei exakte Ortsangaben als auch größere geografische oder kulturelle Räume sein, je nach Überliefungslage bzw. Erkenntnisstand. 

Beispiel: ""Fundort: Italien - Numana - Grab 34"", ""kultureller Kontext: Renaissance""",,B51DAF
F2A45F,Eingangsdatum,,"Datum, an dem das Objekt in die aktuell zuständige Sammlung aufgenommen wurde. An dieser Stelle ist (noch) nicht das Datum, an dem das Objekt in die Restaurierungseinrichtung eingeliefert wurde gemeint.",Das Datum sollte nach Möglichkeit gemäß ISO 8601 in der Form YYYY-MM-DD erfasst werden.,B51DAF
FC3322,Standort,,"Angabe des regelhaften Aufbewahrungsort des Objekts, außerhalb der Restaurierungseinrichtung.","Bei diesem Feld muss zwischen der internen Erfassung des genauen Standorts und der allgemeinen Standortangabe für die Veröffentlichung des Datensatzes unterschieden werden. Der genaue Standort dient der internen Dokumentation und kann bei Bedarf vertraulich behandelt werden. Für veröffentlichte Datensätze sollte nur der übergeordnete Standort (z. B. Einrichtung,  Ausstellung, Depot) angegeben werden.",B51DAF
F3G8D1,Ansprechpartner*in,,"Benannte Person, die für Rückfragen in Bezug auf das Objekt und den Umgang mit diesem kontaktiert werden kann. Dies kann bei Privatbesitz der Eigentümer sein oder bei Objekten aus öffentlichen Einrichtungen z.B. der/die zuständige Kurator*in.","Für die interne Zuweisung der Verantwortlichkeit/Zuständigkeit ist es empfohlen, diese Daten regelhaft zu erfassen. Bei der potenziellen Veröffentlichung bzw. dem Austausch des Datensatzes außerhalb der eigenen Einrichtung ist an dieser Stelle zu entscheiden, in wie fern die Person namentlich genannt werden möchte/kann! Personennamen sollten in der Form ""Vorname Nachname"" erfasst werden.

Sollen keine Personennamen veröffentlicht werden, ist an dieser Stelle das zuständige Institution/Körperschaft zu nennen.",B51DAF
G76A78,Schöpfer*in,,"Angaben zur Person, die das Objekt hergestellt hat - sofern bekannt. 

Beispiel: ""Leonardo da Vinci""",,B51DAF
GB6DF3,Objektbeziehung,,"Sofern das Objekt Teil eines Ensemble, einer definierten Sammlung ist oder anderweitig besondere Beziehungen zu anderen Objekten aufweist, sollten diese erfasst werden. 

Beispiel: ""Teil der Sammlung Becker""",,B51DAF
DA2D73,Objektbeschreibung,,"Oberbegriff für Informationen, die die Beschaffenheit, Merkmale und die Bedeutung des Objektes näher beschreiben",,top
F1BA31,Objekttyp,Objektart| Sachbegriff| Objektbezeichnung,"grundlegende formale Kategorie, in die das Objekt eingeordnet wird. 

Beispiel: ""Gemälde"" , ""Skulptur"", ""Münze""",,DA2D73
BGC9F3,Weitere Objekteigenschaften,,"Möglichkeit weitere charakteristische Eigenschaften des Objektes zu beschreiben, die sich nicht eindeutig zum Objekttyp oder einer der anderen definierten Beschreibungselemente zuordnen lassen. 

Beispiel: Farbe, Form, Besonderheit beim Aussehen","An dieser Stelle sollten auch ergänzende Informationen zu anderen Metadaten eingetragen werden. Zum Beispiel, ob bei Gemälden der Rahmen als fester Bestandteil mit in die die Maße einbezogen wurde.",DA2D73
D866AD,Objektmaterial,Objektwerkstoff| Material,"Angaben zum Material bzw. den Materialien aus dem/aus denen das Objekt besteht. 


Beispiel: ""Bronze (Ergebnis RFA)"", ""Buntmetall (Ergebnis visuelle Begutachtung) ""","Idealerweise sollte auch die Belastbarkeit dieser Angaben mit erfasst werden, zum Beispiel ob zur Materialbestimmung eine naturwissenschaftliche Analyse verwendet wurde oder ob sie lediglich auf einer visuellen Begutachtung des Objektes beruht.",DA2D73
C4BCF8,Herstellungstechnik,Technik,"Angaben zur Technik bzw. zu Techniken, die zur Herstellung des Objektes verwendet wurden. 


Beispiel: ""Geschmiedet (Hammerspuren)""","Idealerweise sollte auch die Belastbarkeit dieser Angaben mit erfasst werden. Da es sich häufig um interpretative Zuschreibungen handelt, sollte der Grad der Sicherheit bzw. die zugrundeliegende Beobachtung oder Untersuchung angegeben werden.",DA2D73
F52262,Zustandserfassung,Zustandserhebung,"Oberbegriff für Informationen, die die systematische Erfassung des Zustands eines Objektes zu einem definierten Zeitpunkt dokumentieren.",,top
G5TA85,Anlass der Zustandserfassung,Grund der Zustandserfassung,"Angaben, vor welchem Hintergrund die Zustandserfassung durchgeführt wurde. 

Zum Beispiel im Zuge der Neu-Aufnahme eines Objektes in die Sammlung, in Vor- oder Nachbereitung einer konservatorisch-restauratorischen Maßnahme, vor oder nach einer Leihnahme, etc.",,F52262
A8ABBA,Erfassungszeitpunkt,Zeitpunkt der Erfassung,"Ergänzende Angaben, im Falle einer Zustandserfassung aufgrund konservatorisch-restauratorischer Maßnahme, ob es sich bei dem erfassten Zustand um den Zeitpunkt vor (Vorzustand), nach (Endzustand) oder zwischen der Maßnahme handelt.

Der Zustand vor und nach einer Maßnahme sollte dabei verpflichtend erfasst werden. Weitere Zustandserfassungen zwischen verschiedenen Maßnahmen sind bei Bedarf möglich.","Auswahl zwischen: vor Eingriff, nach Eingriff, zwischen Eingriff, Monitoring",G5TA85
CA1BC5,Erfassungsdatum,Datum der Erfassung (Zustandserfassung),"Angabe des Datums, an dem die Erfassung des Zustandes durchgeführt wurde.",Das Datum sollte nach Möglichkeit gemäß ISO 8601 in der Form YYYY-MM-DD erfasst werden. Im Falle der Nacherfassung,F52262
HRO94F,Zuständige Person (Zustandserfassung),,"Benennung der Person, die die Zustandserfassung durchgeführt hat bzw. für diese verantwortlich ist.","Für die interne Zuweisung der Verantwortlichkeit/Zuständigkeit ist es empfohlen, diese Daten regelhaft zu erfassen. Bei der potenziellen Veröffentlichung bzw. dem Austausch des Datensatzes außerhalb der eigenen Einrichtung ist an dieser Stelle zu entscheiden, in wie fern die Person namentlich genannt werden möchte/kann!",F52262
CDD6B5,Dokumentationsform,,"Angaben, in welcher Form der Zustand erfasst wurde bzw. in welcher/welchen Datenformen/Medien die Dokumentation des Zustandes vorliegt.

Beispiel: ""Zustandsbericht + Fotos""",Diese Information kann entweder als Freitext eingegeben oder aus einer zuvor individuell definierten internen Liste gängiger Dokumentationsformen ausgewählt werden (z. B. aus einem Drop-down-Menü oder Checkboxen),F52262
GDF23F,Verweis,Kennnummer,"Eindeutiger Hinweis, an welchem Ort die Dokumentation(en) zu finden ist/sind.","Der Verweis kann je nach Medium unterschiedlich ausfallen. Als URI/URL zu einem digitalen Datensatz oder, im Fall analoger Materialien, als Identifikationsnummer oder Standortangabe der Dokumentenablage",CDD6B5
AC1786,Zustandsbeschreibung,Diagnose,"Oberbegriff für beobachtete, gemessene, geprüfte oder bewertete Informationen, die den Zustand des Objektes zum Zeitpunkt der Erfassung näher beschreiben. Insbesondere Veränderungen des Objektes, die im Vergleich zu einem früheren oder ursprünglichen Zustand bzw. vom zuletzt berichteten Zustand festgestellt werden, müssen dokumentiert werden.",,F52262
G79CA9,bisherige Umgebungsbedingungen,,"Aufzeichnung der Bedingungen, unter denen das Objekt bis zum Zeitpunkt der Zustandserfassung gehalten wurde. Insbesondere sofern Auswirkungen der Umgebung auf das Objekt erkannt werden, sollten diese in der Zustandsbeschreibung gemeinsam mit der vermuteten Ursache festgehalten werden.",,AC1786
BC5B57,Physischer Objektzustand,Erhaltungszustand,"Beschreibung der physischen Merkmale und Eigenschaften des Objektes wie Vollständigkeit, Stabilität, Festigkeit, Maße, Feuchtigkeitsgehalt, etc.",,AC1786
CA8K78,Vollständigkeit,,Angabe zum Vorhandensein aller ursprünglichen Bestandteile oder Elemente eines Objektes.,,BC5B57
GVB7T9,Stabilität,,Angaben zur Fähigkeit des Objektes bei physischer Einwirkung seine Form oder Struktur bei zu behalten.,,BC5B57
DBC278,aktuelle Maße,Abmessungen| Maßangabe| Dimension,"Angaben zu den räumlichen Dimensionen des Objektes, zum letzten Zeitpunkt der Begutachtung. Die Maße des Objektes können sich im Laufe der Zeit verändern (z.B. durch Beschädigung oder die Zusammensetzung eines zerscherbten Objektes).",,BC5B57
GF856C,Höhe,,Angabe der vertikalen Ausdehnung eines Objektes von seiner untersten zur höchsten Stelle (Y-Achse).,"Die Angaben sollten sowohl den numerischen Wert als auch die Maßeinheit nach metrischem System im jeweils fachspezifischen Standard (mm, cm, m) enthalten",DBC278
WF436G,Breite,,Angabe der horizontalen Ausdehnung eines Objektes von seiner linken zur rechten Seite in Frontalansicht (X-Achse).,"Die Angaben sollten sowohl den numerischen Wert als auch die Maßeinheit nach metrischem System im jeweils fachspezifischen Standard (mm, cm, m) enthalten",DBC278
QD45G7,Tiefe,,Angabe zur räumlichen Ausdehnung eines Objektes von seiner Vorder- zur Rückseite (Z-Achse).,"Die Angaben sollten sowohl den numerischen Wert als auch die Maßeinheit nach metrischem System im jeweils fachspezifischen Standard (mm, cm, m) enthalten",DBC278
FRG491G,Durchmesser,,"Angabe zur größten linearen Ausdehnung eines Objektes mit runder, ovaler oder ringförmiger Grundform, gemessen zwischen zwei gegenüberliegenden Punkten über dem geometrischen Mittelpunkt.","Die Angaben sollten sowohl den numerischen Wert als auch die Maßeinheit nach metrischem System im jeweils fachspezifischem Standard (mm, cm, m) enthalten",DBC278
C7C3B7,aktuelles Gewicht,,Angaben zur Masse des Objekts zum letzten Zeitpunkt der Objektuntersuchung,Die Angaben sollten sowohl den numerischen Wert als auch die Maßeinheit nach metrischem System im jeweils fachspezifischen Standard (g oder kg) enthalten,BC5B57
AA6941,Schadensphänomene,Schadensbild| Beschädigung| Schaden,"Beschreibung der beobachteten negativen Veränderungen am Objekt im Vergleich zu seinem als ursprünglich angenommenen Zustandes. 

Auch die Angabe, dass keine Beschädigung erkennbar ist, sollte hier erfasst werden!","Idealerweise sollte auch die Belastbarkeit dieser Angaben mit erfasst werden, indem z.B. die Art der Untersuchung/Feststellung dieser Veränderung dokumentiert wird.",AC1786
C2488A,Schadensgrad,Grad des Schadensphänomens,"Bewertung des Ausmaßes der Beschädigung eines Objektes.

z.B. Abnutzung - leicht, Korrosion - stark","Die Definition des Schadensgrad ist häufig sehr subjektiv bzw. objektspezifisch und kaum generisch vorzuschreiben. Daher sollte stets genau beschrieben werden, was die jeweilige Bewertung im konkreten Anwendungsfall bedeutet.",AA6941
D4A13D,Schadensfaktor,Schadensursache,Beschreibung der ermittelten oder vermuteten Ursachen für die Beschädigung des Objektes.,"Idealerweise sollte auch die Belastbarkeit dieser Angabe erfasst werden, d.h. ob die Ursache des Schadens gesichert bekannt ist (z.B. dokumentierter Wasserschaden) oder lediglich vermutet wird.",AA6941
A4G52F,konservatorische Vorgeschichte,Spuren früherer Konservierungs- /Restaurierunseingriffe,"Beschreibung von Spuren früherer, nicht dokumentierter konservatorisch-restauratorischer Eingriffe am Objekt sowie der vermuteten Behandlungsmaßnahmen, die diese Spuren verursacht haben könnten.",,F52262
B3FCA1,Untersuchung,,"Oberbegriff für Informationen im Kontext der systematischen Begutachtung und Analyse eines Objekte zur Ermittlung von Materialzusammensetzungen, Objektaufbau, Herstellungstechnik, Erhaltungszuständen und/oder weitere Fragestellungen",,top
G7F25F,Zuständige Person (Untersuchung),,"Benennung der Person, die die Untersuchung durchgeführt hat bzw. für diese verantwortlich ist.","Für die interne Zuweisung der Verantwortlichkeit/Zuständigkeit ist es empfohlen, diese Daten regelhaft zu erfassen. Bei der potenziellen Veröffentlichung bzw. dem Austausch des Datensatzes außerhalb der eigenen Einrichtung ist an dieser Stelle zu entscheiden, in wie fern die Person namentlich genannt werden möchte/kann! Die Namen sollten im Format ""Vorname Nachname erfasst werden""",B3FCA1
G76B7G,Durchführende Einrichtung (Untersuchung),,"Benennung der Einrichtung, die die Untersuchung durchgeführt hat.","Besonders wenn dies von einer externen Einrichtung durchgeführt wird, ist die Erfassung zu empfehlen.

In Fällen, in denen bei der Veröffentlichung des Datensatzes die zuständige Person nicht genannt werden kann/darf, sollte stattdessen zumindest die zuständige Einrichtung im Datensatz enthalten sein.",B3FCA1
A2AG55,Untersuchungskennung,Kennung der Untersuchung,"Bezeichnung oder Nummer, mit der die jeweilige Untersuchung eindeutig identifiziert werden kann. 
Beispiel: 2025-05-13_RFA_1 oder XY_24601","Der genaue Aufbau der Kennung kann individuell gestaltet werden. Wichtig ist, dass eindeutig zugeordnet werden kann, auf welche konkrete Untersuchung sich die Angaben beziehen.",B3FCA1
G73958,Untersuchungsdatum,Datum der Untersuchung,"Datum, an dem die jeweilige Untersuchung durchgeführt wurde.

Auch vage Angaben über den genauen Zeitpunkt einer Untersuchung, z.B. bei der Nacherfassung historischer Untersuchungen, sind Informationen. Auch die Angabe ""unbekannt"" ist möglich.",Das Datum sollte nach Möglichkeit gemäß ISO 8601 in der Form YYYY-MM-DD erfasst werden.,B3FCA1
CF3C22,Untersuchungsanlass,Grund der Untersuchung| Fragestellung| Untersuchungsgrund,"Hintergrundinformationen, warum diese Untersuchung durchgeführt wurde. Angabe der Fragestellung, die mit der Untersuchung bearbeitet werden soll.",,B3FCA1
F8F594,Untersuchungsart,Art der Untersuchung,"Möglichkeit der Spezifikation, ob es sich um eine naturwissenschaftliche, technologische, materialtechnische oder sonstige Untersuchung handelt.",,B3FCA1
A15F83,Lokalisation,Untersuchungsstelle,"Angabe, an welcher Stelle auf dem Objekt die Untersuchung durchgeführt wurde. Nur bei Untersuchungen direkt auf dem Originalenobjekt nötig, entfällt bei Untersuchungen von Proben",,B3FCA1
DAB4B7,Untersuchungsverfahren,Untersuchungsmethode| Untersuchungstechnik| praktische Vorgehensweise,"Angabe, auf welche Art und Weise die Untersuchung durchgeführt wurde.",,B3FCA1
D1CFD5,verwendetes Material (Untersuchung),,"Angaben zum Material, welches für die Untersuchung des Objektes verwendet wurde. Diese Angabe ist besonders dann wichtig, wenn die Materialien Spuren bzw. Rückstände auf dem Objekt hinterlassen haben könnten.",,DAB4B7
D949G6,Untersuchungsgerät,,"Angaben, welches Gerät für die Untersuchung verwendet wurde.",,DAB4B7
D6A11G,Geräteeinstellungen (Untersuchungsgerät),Metadaten| Parameter,"Angaben zu den Einstellungen bzw. Metadaten des Gerätes, welches für die Untersuchung verwendet wurde.",,D949G6
BGG5A6,Untersuchungsergebnis,Befund,"Angabe, der bei der Untersuchung festgestellten Beobachtungen und Ergebnisse.",,B3FCA1
CD5C3F,Probenahme,Beprobung| Probenentnahme,"Oberbegriff für Informationen, die die systematische Entnahme von Materialproben aus einem Objekt für Analyse- und Untersuchungszwecke dokumentieren.",,top
C8CG15,Zuständige Person (Probenahme),,"Benennung der Person, die die Entnahme der Probe durchgeführt hat bzw. für diese verantwortlich ist.","Für die interne Zuweisung der Verantwortlichkeit/Zuständigkeit ist es empfohlen, diese Daten regelhaft zu erfassen. Bei der potenziellen Veröffentlichung bzw. dem Austausch des Datensatzes außerhalb der eigenen Einrichtung ist an dieser Stelle zu entscheiden, in wie fern die Person namentlich genannt werden möchte/kann! Die Namen sollten im Format ""Vorname Nachname erfasst werden""",CD5C3F
F72743,Durchführende Einrichtung (Probenahme),,"Benennung der Einrichtung, die die Probenentnahme durchgeführt hat.","Besonders wenn dies von einer externen Einrichtung durchgeführt wird, ist die Erfassung zu empfehlen.

In Fällen, in denen bei der Veröffentlichung des Datensatzes die zuständige Person nicht genannt werden kann/darf, sollte stattdessen zumindest die zuständige Einrichtung im Datensatz enthalten sein.",CD5C3F
D3AF3A,Datum der Probennahme,Datum der Beprobung,"Datum, an dem die Probe aus dem Objekt entnommen wurde.

Auch vage Angaben über den genauen Zeitpunkt der Probennahme, z.B. bei der Nacherfassung historischer Unterlagen, sind Informationen. Auch die Angabe ""unbekannt"" ist möglich.",Das Datum sollte nach Möglichkeit gemäß ISO 8601 in der Form YYYY-MM-DD erfasst werden.,CD5C3F
CB7747,Kennung der Probe,Name der Probe| Nummer der Probe,"Bezeichnung oder Nummer, mit der die jeweilige Probe eindeutig identifiziert werden kann. 

Beispiel: Metall-Probe_24601","Der genaue Aufbau der Kennung kann individuell gestaltet werden. Wichtig ist, dass eindeutig zugeordnet werden kann, auf welche konkrete Probe sich die Angaben beziehen.",CD5C3F
FD2B2B,Probenbeschreibung,,"Kurze Definition der wichtigsten Eigenschaften und Beschaffenheit der Probe. Möglichkeit, weitere Hintergrundinformationen zur Probe bzw. dem Befund, aus dem die Probe entstammt, zu erfassen.

Beispiel: ""Erdreste mit roten Verfärbungen"" , ""Textilfasern von rechter Skelettrippe""",,CD5C3F
C33D85,Anlass der Probenahme,Grund der Beprobung,"Hintergrundinformationen, warum die Probe entnommen wurde. Angabe zur Fragestellung, die mit der Probennahme bearbeitet werden soll, oder der geplanten Untersuchungsart.

Beispiel: Materialbestimmung, Altersdatierung",,CD5C3F
F58F6D,Stelle der Probenahme,Lokalisation der Probennahme,"Angabe, an welcher Stelle des Objekts die Probe entnommen wurde. Möglichst genaue Beschreibung des Probenortes zur späteren Zuordnung.

Beispiele: Vorderseite, linker unterer Rand, Bruchkante der Scherbe, Sockelinnenseite",,CD5C3F
D9A6FA,Entnahmemethode,Beprobungsmethode| Entnahmeverfahren,"Beschreibung, mit welcher Methode die Probe entnommen wurde. Angaben zur Vorgehensweise und zum eingesetzten Werkzeug.

Beispiel: Skalpellentnahme, Bohrkernentnahme, Abstrich mit Wattestäbchen",,CD5C3F
BAA258,Erhaltungskonzept,Restaurierungskonzept| Konservierungskonzept| Konservierungsplanung| Konservierungs-Restaurierungsplanung|Behandlungskonzept| Maßnahmenkonzept,"Oberbegriff für sämtliche Informationen, die im Zuge der Planung, Vorbereitung und Durchführung einer Erhaltungsmaßnahme erfasst werden.",,top
C6A532,Anlass der Erhaltungsmaßnahme,,"Hintergrundinformationen, aus welchem Grund das Objekt konservatorisch-restauratorisch behandelt werden soll. I.d.R. beziehen sich diese Angaben darauf, was im Anschluss mit dem Objekt geschehen soll oder zuvor bereits geschehen ist. 

Beispiel: Ausstellungsvorbereitung, Rückkehr aus Leihverkehr",,BAA258
FGF575,konservatorische Zielsetzung,Konservierungsziel| konservatorische Zielsetzung| Erhaltungsziel,"Beschreibung der angestrebten Ergebnisse, die mit der durchgeführten Maßnahme erreicht werden sollen.

Beispiel: Sicherung der Malschichten, Volle Rekonstruktion der ursprünglichen Form",,BAA258
DA9CGG,Erhaltungsmaßnahme,Konservierung| Restaurierung| Konservierung-Restaurierung| Bestandserhaltung| Durchgeführte Maßnahme,"Oberbegriff für die Angaben, die zur Durchführung einer konkreten Maßnahme erfasst werden.",,BAA258
GF41DG,Zuständige Restaurierungseinrichtung,"Werkstatt, Labor, Atelier, Restaurierungswerkstatt","Benennung der Einrichtung, in der die jeweilige Maßnahme durchgeführt wurde. Der Begriff ""Einrichtung"" wurde dabei als generischer Überbegriff verwendet, um individuelle Bezeichnungen wie ""Werkstatt"", ""Atelier"", ""Labor"", etc. unter einem Begriff zu vereinen. Institutionen können den jeweils in ihrem Arbeitsalltag verwendeten Begriff auf diesen Überbegriff mappen, ohne ihre eigene hausinterne Terminologie verändern zu müssen.","In Fällen, in denen bei der Veröffentlichung des Datensatzes die zuständige Person nicht genannt werden kann/darf, sollte stattdessen zumindest die zuständige Einrichtung im Datensatz enthalten sein.",DA9CGG
AF1F5C,Maßnahmenkennnummer,Identifikationsnummer (Erhaltungsmaßnahme),"Nummer, die die jeweilige Maßnahme eindeutig identifiziert. 

Beipspiel: Labornummer, Dokumentationsnummern, Werkblattnummer, etc.","Wie genau diese Nummer in den jeweiligen Einrichtungen bezeichnet wird, bleibt individuell und wird auf diesen generischen Oberbegriff gemappt.",DA9CGG
C79561,Zuständige Person (Erhaltungsmaßnahme),Restaurator*in| Konservator*in,"Benennung der Person, die die jeweilige Maßnahme durchgeführt hat bzw. für diese verantwortlich ist.","Für die interne Zuweisung der Verantwortlichkeit/Zuständigkeit ist es empfohlen, diese Daten regelhaft zu erfassen. Bei der potenziellen Veröffentlichung bzw. dem Austausch des Datensatzes außerhalb der eigenen Einrichtung ist an dieser Stelle zu entscheiden, in wie fern die Person namentlich genannt werden möchte/kann! Die Namen sollten im Format ""Vorname Nachname erfasst werden""",DA9CGG
CDD613,Beginn der Maßnahme,,"kalendermäßige Erfassung des Zeitpunktes, an dem die jeweilige Maßnahme begonnen wurde.",Das Datum sollte nach Möglichkeit gemäß ISO 8601 in der Form YYYY-MM-DD erfasst werden.,DA9CGG
CDF685,Ende der Maßnahme,,"kalendermäßige Erfassung des Zeitpunktes, an dem die jeweilige Maßnahme beendet wurde.",Das Datum sollte nach Möglichkeit gemäß ISO 8601 in der Form YYYY-MM-DD erfasst werden.,DA9CGG
G814D2,Zeitaufwand,,"Summe der tatsächlich am Objekt geleisteten Arbeitsstunden währen der Maßnahme, ohne passive Zeiten wie Trocknungsphasen oder parallele Wartezeiten.",In Angabe des Zeitaufwandes soll nach Möglichkeit in Stunden erfolgen,DA9CGG
A13CD1,Eingriff,Behandlung | Applikationstechnik|Methode| Vorgehensweise,Beschreibung der konkreten Vorgehensweise und Techniken mit denen das Objekt zur Erreichung der festgelegten konservatorischen Zielsetzung behandelt wurde.,,DA9CGG
CGC619,Verwendetes Material (Eingriff),,"Benennung des bzw. der Materialien, die für die jeweilige konservatorische und/oder restauratorische Maßnahme verwendet wurden.",,A13CD1
D865C3,Bezugsquelle,Hersteller,"Angabe des Herstellers, Lieferanten oder der sonstigen Herkunft des verwendeten Materials zur Rückverfolgbarkeit und Qualitätssicherung. Diese Angaben liefern für spätere erneute Objektuntersuchungen und/oder Maßnahmen Hintergrundinformationen zu den Eigenschaften des Materials.",,CGC619
C364G1,Konzentration,Mischungsverhältnis,Beschreibung der genauen Konzentration oder Zusammensetzung des Materials zur Sicherstellung der Reproduzierbarkeit und Beurteilung der Langzeitwirkung bzw.-stabilität.,,CGC619
C421BF,Herstellungsdatum,,Erfassung des Produktions- oder Abfülldatums industrieller Produkte zur Nachvollziehbarkeit von Rezepturänderungen und Qualitätsschwankungen. Dient der Rückverfolgung von Chargen bei ungewöhnlichen Vorkommnissen und ermöglicht das Einholen relevanter Hintergrundinformationen zur Langzeitstabilität,Das Datum sollte nach Möglichkeit gemäß ISO 8601 in der Form YYYY-MM-DD erfasst werden.,CGC619
F87124,Werkzeug,Gerät,"Benennung des bzw. der Werkzeuge und Geräte, die für die jeweilige konservatorische und/oder restauratorische Maßnahme verwendet wurden. Diese Angabe empfiehlt sich besonders dann, wenn durch die verwendeten Werkzeuge Spuren auf dem Objekt hinterlassen wurden.",,A13CD1
B7B8B6,Gefährdungspotential,,"Übergeordneter Begriff zur Strukturierung aller Angaben, zu potentiellen Gefahren, die von einem individuellen (behandelten) Objekt ausgehen und Maßnahmen, die zum Schutz der Gesundheit bei Umgang mit den jeweiligen Objekten eingehalten werden sollten. 

Nicht gemeint sind dabei die allgemeinen Arbeitssicherheitsmaßnahmen, die im Rahmen der gesetzlichen Vorgaben für Restaurator*innen gelten.",,top
FBFFF5,Gefährdungshinweise,,"Hinweise auf potenzielle Gefahrenquellen und Risiken im Zusammenhang mit dem Objekt oder den bei der konservatorisch-restauratorischen Maßnahme (oder früheren Maßnahmen) verwendeten Materialien.

Beispiel: Schimmelbefall, Schadstoffkontaminiert",,B7B8B6
BGGCA4,Art der Gefährdung,,"Kategorisierung und Beschreibung der konkreten Gefährdungsart, z. B. chemisch, physikalisch oder biologisch",,B7B8B6
BB78D2,Getroffene Schutzmaßnahmen,,"Dokumentation der bereits umgesetzten und/oder während der Objektbehandlung einzuhaltenden Schutzmaßnahmen zur Minimierung der Gefährdung. Einschließlich persönlicher Schutzausrüstung (PSA), technischer und organisatorischer Maßnahmen.

Beispiele: Tragen von Schutzhandschuhen, Arbeiten unter Abzug/ im Quarantänebereich, Objekt eingeschweißt",,B7B8B6
CCCC7G,Letzte Gefährdungsbewertung,,Oberbegriff zu Angaben der zuletzt durchgeführten Risikoanalyse und Beurteilung des Gefährdungspotentitals eines Objektes,,B7B8B6
AFD671,Datum der Gefährdungsbewertung,,"Erfassung des Datums, an dem die letzte Gefährdungsbewertung durchgeführt wurde.",Das Datum sollte nach Möglichkeit gemäß ISO 8601 in der Form YYYY-MM-DD erfasst werden.,CCCC7G
ADD53A,Einschätzung (Gefährdungsbewertung),,Bewertung des aktuellen Gefährdungsstatus und der verbleibenden Risiken basierend auf der letzten Gefährdungsbewertung.,,CCCC7G
C93638,Präventive Konservierung,,"Übergeordneter Begriff zur Erfassung aller Angaben bezüglich vorbeugender Maßnahmen, die ohne direkten Eingriff am Objekt selbst darauf abzielen, Schäden am Objekt zu vermindern.",,top
GF9C49,Allgemeine Umgangsempfehlungen,,"Sammelbegriff zur Strukturierung von Richtlinien und Handlungsanweisungen für den sachgerechten Umgang mit dem behandelten Objekt, die zur langfristigen Erhaltung und Vermeidung von Folgeschäden generell und/oder nach abgeschlossener Konservierungs-Restaurierungsbehandlung zu beachten sind.",,C93638
D941BB,Präsentationsvorgaben,,"Angaben zu Besonderheiten, die bei der Ausstellung/Präsentation des Objektes zu beachten sind. 

Beispiel: ""Objekt ausschließlich auf individuell angepasster Stützkonstruktion präsentieren"", ""Ausstellung nur in klimatisierter Vitrine""",,GF9C49
F2244D,Verpackungs- und Transportempfehlungen,,"Angaben zu Besonderheiten, die im Zuge der Objektverpackung oder des Transportes zu beachten sind. 

Beispiel: ""Objekt ausschließlich liegend transportieren"", ""Transport nur in klimatisiertem Fahrzeug""",,GF9C49
B14C4A,Empfehlungen zur Handhabung,Handlingsempfehlungen,"Angaben zu Besonderheiten, die im Zuge der Handhabung des Objektes berücksichtigt werden müssen. 

Beispiel: ""Nicht an den Henkeln anfassen""",,GF9C49
C3A182,Konservatorische Bedingungen,,"Sammeloberbegriff für Angaben bezüglich erforderlicher Umgebungsparameter und physikalischer Rahmenbedingungen, die für die optimale Erhaltung des Objektes notwendig sind.",,C93638
A2FA1B,Temperatur (konservatorische Bedingungen),,Angabe der erforderlichen Temperaturwerte und zulässigen Schwankungsbereiche (maximal tolerierbare Abweichungen) für die sachgerechte Lagerung zur Vermeidung temperaturbedingter Schäden.,Die einzuhaltenden Temperaturwerte ebenso wie die Abweichung sollen in Grad Celsius erfasst werden.,C3A182
BA8198,Luftfeuchtigkeit (konservatorische Bedingung),Luftfeuchte (konservatorische Bedingungen),Angabe der einzuhaltenden relativen Luftfeuchtigkeit und zulässigen Schwankungsbereiche (maximal tolerierbare Abweichungen) für die sachgerechte Lagerung zur Vermeidung feuchtigkeitsbedingter Schäden.,Die einzuhaltende relative Luftfeuchtigkeit soll in Prozent erfasst werden.,C3A182
DF7759,Beleuchtungsstärke (konservatorische Bedingungen),LUX (konservatorische Bedingung),Angabe der maximal zulässigen Beleuchtungsstärke in LUX bzw. Expositionszeit für die schonende Präsenation zur Minimierung photochemischer und photophysikalischer Schädigungsprozesse bei gleichzeitig Gewährleistung ausreichender Sichtbarkeit für Betrachtung.,"Die einzuhaltende Beleuchtungsstärke soll in LUX erfasst werden, die maximal zulässige Expositionszeit in Stunden",C3A182
FD6617,UV-Schutz (konservatorische Bedingungen),UV (konservatorische Bedingungen),"Angabe der Anforderungen bezüglich ultravioletter Strahlung, einschließlich maximal zulässiger UV-Anteile im Beleuchtungsspektrum oder erforderliche UV-Filtermaßnahmen, zur Verhinderung UV-bedingter Materialschäden am Objekt.",Die einzuhaltenden Anforderungen sollen nach Möglichkeit in Mikrowatt pro Lumen (µW/lm) erfasst werden. Aber auch Angaben in Mikrowatt pro Quadratzentimeter oder in Prozent (bei Bezug auf UV-Filter) sind möglich. Wichtig ist neben der Erfassung der numerischen Werte auch die jeweilige Einheit mit anzugeben.,C3A182
C11192,Monitoring,,Sammeloberbegriff zur Dokumentation regelmäßiger Kontrollmaßnahmen des Objektzustandes und der Umgebungsbedingungen zur frühzeitigen Erkennung von Veränderungen und Einleitung entsprechender (Gegen-)Maßnahmen,,C93638
F5G576,Datum des Monitoring,,Zeitpunkt der durchgeführten Kontrollmaßnahme zur chronologischen Dokumentation und Nachvollziehbarkeit,Das Datum sollte nach Möglichkeit gemäß ISO 8601 in der Form YYYY-MM-DD erfasst werden.,C11192
B9835A,Zuständige Person (Monitoring),,"Angaben zur Person (Name, ggfs. Funktion) der für die Durchführung des Monitorings verantwortlichen Person.","Für die interne Zuweisung der Verantwortlichkeit/Zuständigkeit ist es empfohlen, diese Daten regelhaft zu erfassen. Bei der potenziellen Veröffentlichung bzw. dem Austausch des Datensatzes außerhalb der eigenen Einrichtung ist an dieser Stelle zu entscheiden, in wie fern die Person namentlich genannt werden möchte/kann!",C11192
FFFCB7,Überprüfte Bedingungen,,Oberbegriff der kontrollierten Parameter und Umgebungsfaktoren während des Monitorings.,,C11192
BF6D19,biologischer Befall,,"Angabe ob Kontrolle auf Schädlingsbefall, Schimmelbildung oder andere biologische Aktivität am Objekt oder in dessen unmittelbarer Umgebung durchgeführt wurde.","Die Erfassung sollte hier hin Form von ""Ja/Nein"" Abfragen oder Checkboxen erfolgen.",FFFCB7
A5C668,Klimawerte,,Angabe ob Temperatur- und Luftfeuchtigkeitswerte im Zuge des Monitorings kontrolliert wurden.,"Die Erfassung sollte hier hin Form von ""Ja/Nein"" Abfragen oder Checkboxen erfolgen.",FFFCB7
C9C527,Lichtexposition,LUX-Stunden,Angabe ob akkumulierte Lichtexposition in LUX-Stunden während des Monitorings gemessen wurden.,"Die Erfassung sollte hier hin Form von ""Ja/Nein"" Abfragen oder Checkboxen erfolgen.",FFFCB7
BF3639,Schadstoffe,,"Angabe ob Vorhandensein von luftgetragenen Verunreinigungen, Ausgasungen oder andere chemische Belastungen in der Objektumgebung kontrolliert wurden.","Die Erfassung sollte hier hin Form von ""Ja/Nein"" Abfragen oder Checkboxen erfolgen.",FFFCB7
F396G6,Ergebnis des Monitorings,,"Zusammenfassende Bewertung aller durchgeführten Kontrollmaßnahme mit Angabe festgestellter Beobachtungen, Auffälligkeiten oder Handlungsempfehlungen. 

Beispiel: ""Alle Parameter im Normbereich"", ""Luftfeuchtigkeit 5% über Sollwert, Nachregulierung erforderlich"", ""Verdacht auf Schimmelbildung, Objekt zur weiteren Untersuchung in Labor verbracht""",,C11192
AC16G1,Administrative Metadaten,,administrative Angaben zu dem vorliegenden Bericht und seinen Inhalten,,top
D78721,Erstellungsdatum des Datensatzes,,"Zeitpunkt, zu dem der Bericht erstellt wurde",Das Datum sollte nach Möglichkeit gemäß ISO 8601 in der Form YYYY-MM-DD erfasst werden.,AC16G1
F285B2,Bearbeiter*in,,"Angaben zur Person (Name, ggfs. Funktion) der für den Bericht verantwortlichen Person.","Der Name sollte im Format ""Vorname Nachname"" erfasst werden.",AC16G1
D1F5D3,Version,,Angaben zur Versionierung bzw. Überarbeitung des Berichtes,,AC16G1
B43DK5,Änderungsdatum,,"Zeitpunkt, zu dem der Bericht geändert wurde",Das Datum sollte nach Möglichkeit gemäß ISO 8601 in der Form YYYY-MM-DD erfasst werden.,D1F5D3
98ZG32,Bearbeiter*in der Änderung,,"Angaben zur Person, die die Änderung durchgeführt hat.","Der Name sollte im Format ""Vorname Nachname"" erfasst werden.",D1F5D3
G56866,Zugangsrecht,Nutzungsrechte,Angaben zum Urheberrecht bzw. der Nutzungsrechte des Berichtes,,AC16G1
G50P34,Sprache,,"Angaben zur Sprache, in der der Bericht vorliegt.",,AC16G1
K543W2,Datensatzkennung,ID Datensatz,"Eindeutige Kennung, die den Bericht referenzierbar macht.",,AC16G1
F2AG55,Verwendete Literatur,Bibliographie,"Angaben zu Literatur, die für die Erstellung des Berichtes verwendet wurde.",Gängige wissenschaftliche Zitationsweisen sind einzuhalten.,top
